id;nom;prenom;ages;salaire;bonus;conges
0;Hudson;Sheila;33;7465;2%;7
1;Powers;Noelle;30;6501;3%;2
2;Boone;Duncan;25;7442;4%;2
3;Velasquez;Zena;28;7056;7%;8
4;Miranda;Timon;39;7097;8%;6
5;Russo;Blaine;25;7301;10%;2
6;Alford;Ignacia;40;7114;10%;2
7;Woodard;Leroy;25;6344;6%;10
8;Alvarez;Zeph;31;6987;6%;3
9;Reid;Mollie;26;7339;8%;6
10;Nunez;Honorato;26;6844;4%;8
11;Barton;Armando;32;7592;0%;0
12;Lindsey;Yael;33;7545;5%;2
13;Kidd;Kendall;28;7697;9%;4
14;Castillo;Rebecca;31;7751;6%;10
15;Koch;Tatyana;37;6680;9%;3
16;Walter;Vera;35;7366;4%;9
17;Kerr;Hilda;39;6643;4%;1
18;Rivas;Kuame;30;7353;7%;3
19;Riley;Lenore;28;6330;4%;6
20;Hurley;Paloma;31;7690;2%;10
21;Mckenzie;Marshall;25;6322;5%;4
22;Barr;Serina;39;7328;7%;3
23;Adkins;Ronan;32;6864;10%;9
24;Lancaster;Hilda;33;7099;2%;1
25;Phelps;Dante;29;7345;1%;3
26;Rogers;Zenia;28;7978;9%;7
27;Gilliam;Iliana;28;6948;8%;7
28;Gallagher;Morgan;28;6632;1%;2
29;Duffy;Cheyenne;36;7367;6%;4
30;Johns;Kay;30;6944;3%;7
31;Beasley;Ian;31;6942;5%;1
32;Bryan;Jaden;25;6605;7%;10
33;Brock;Samson;33;6697;7%;7
34;Howe;Linus;36;7716;5%;2
35;Fuentes;Darryl;40;6859;3%;5
36;Hale;Jordan;38;7793;7%;0
37;Park;Haviva;31;6934;4%;8
38;Rodriquez;Demetria;35;6276;9%;4
39;Vazquez;Anika;37;6558;8%;5
40;Potter;Serina;26;7640;6%;5
41;Ferrell;Callie;31;7396;10%;4
42;Luna;Michael;27;6855;4%;4
43;Guy;Elijah;28;6254;1%;4
44;Foley;Tad;31;7075;1%;8
45;Moreno;Cedric;28;7285;5%;10
46;Richards;Darius;30;6775;8%;10
47;Tanner;Jessamine;36;6545;8%;2
48;Williamson;Kelsie;28;6796;1%;8
49;Mathews;Amity;29;6805;0%;6
50;Bird;Cora;26;6405;0%;0
51;Salazar;Herman;35;7533;3%;8
52;Shaffer;Deanna;26;6467;10%;2
53;Campos;Bert;29;6513;9%;3
54;Middleton;Xaviera;38;6201;6%;7
55;Sykes;Theodore;39;6316;2%;2
56;Donaldson;Octavius;40;7894;2%;2
57;Barry;Lacota;29;7678;7%;9
58;Garner;Velma;39;6574;2%;8
59;Cross;Halla;31;6749;9%;6
60;Burke;Harper;35;7743;1%;0
61;Austin;Carson;37;6579;7%;2
62;Payne;Piper;30;6221;6%;2
63;Lang;Amethyst;33;7673;7%;5
64;Fleming;Isadora;28;6842;4%;3
65;Barton;Eric;28;6823;2%;4
66;Meyers;Wendy;40;7377;9%;3
67;Walls;Sheila;32;6784;7%;1
68;Sweeney;Zachery;33;7889;5%;6
69;Craft;Odessa;26;7768;2%;0
70;Livingston;Aretha;32;6934;8%;7
71;Perkins;Beck;28;6571;8%;9
72;Phelps;Alyssa;33;7963;8%;0
73;Livingston;Chaim;27;7209;8%;8
74;Parks;Ifeoma;31;6593;0%;3
75;Dillon;Sonia;28;6483;10%;2
76;Ramos;Levi;33;7466;7%;3
77;Cruz;Quinn;31;7841;4%;9
78;Tyler;Tarik;31;7716;5%;6
79;Hood;Lucas;28;7512;0%;6
80;Baxter;Dominique;40;6601;8%;10
81;Gaines;Hasad;27;7132;7%;4
82;Chapman;Clark;39;7332;1%;6
83;Ortiz;Hilary;29;7891;3%;7
84;Burgess;Demetria;28;7518;9%;7
85;Valenzuela;Marvin;25;7103;8%;1
86;Ramirez;Rama;28;7246;8%;5
87;Patton;Sage;37;7448;6%;3
88;Gross;Addison;30;7384;10%;7
89;Guerra;Hammett;31;7075;6%;2
90;Sullivan;Lucas;28;6373;7%;3
91;Bray;Buffy;39;7337;8%;2
92;Waller;Jesse;25;7576;6%;5
93;Hill;Charlotte;39;6563;2%;8
94;Tyler;Yoshio;26;7867;8%;7
95;Lewis;Hamish;38;7220;8%;4
96;Conway;Justin;39;6943;5%;10
97;Webster;Azalia;35;6299;7%;5
98;Gibbs;Allistair;33;6313;7%;9
99;Obrien;Len;30;7186;0%;9
100;Stark;Allegra;38;6980;7%;4
101;Clemons;Reece;27;6386;2%;4
102;Guthrie;Quincy;32;6734;3%;5
103;Roth;Dominic;34;6213;7%;3
104;Marsh;Edward;32;7833;2%;0
105;Watts;Tate;35;7937;1%;3
106;Burks;Chantale;34;7233;6%;9
107;Albert;Anthony;27;7024;4%;8
108;Sloan;Amery;32;7789;1%;10
109;Flores;Kaden;35;6873;4%;0
110;Branch;Olympia;27;6570;1%;0
111;Preston;Dara;26;7911;5%;3
112;Dawson;Carly;39;6878;10%;9
113;Jennings;Samuel;36;7414;2%;6
114;Salazar;Blossom;27;6501;3%;9
115;Blair;Chester;37;7252;6%;6
116;Leonard;Haviva;37;7865;9%;6
117;Nguyen;Eaton;36;6498;0%;3
118;Puckett;Keith;40;7499;6%;9
119;Hopkins;Byron;36;6685;10%;2
120;Mccarthy;Larissa;39;6201;10%;6
121;Hopkins;Bevis;36;7897;5%;4
122;Barr;Carson;28;6646;7%;7
123;Benton;Hop;36;7820;6%;10
124;Lindsey;Barry;34;7456;7%;7
125;Bush;Zachery;37;7791;0%;3
126;Prince;Gregory;26;7973;3%;2
127;Langley;Warren;38;7617;10%;6
128;Cobb;Jonas;36;6674;1%;8
129;Rios;Blake;30;6714;1%;5
130;Buckley;Orson;40;6622;7%;0
131;Macdonald;Gareth;28;7092;9%;0
132;Anthony;Beatrice;35;7554;2%;3
133;Pierce;Larissa;35;6529;8%;5
134;Parsons;Herrod;40;7975;4%;10
135;Craig;Naomi;29;7358;10%;3
136;Ryan;Kaden;30;6851;1%;1
137;Coleman;Moana;39;6628;0%;7
138;Keller;Risa;32;7533;1%;9
139;Murphy;Nasim;31;7733;6%;8
140;Gray;Chantale;38;7165;7%;6
141;Pickett;Jared;36;7723;7%;6
142;Ramsey;Amethyst;38;7262;7%;7
143;Guerra;Garth;31;7550;9%;7
144;Morales;Amber;25;7934;2%;8
145;Garner;Gemma;38;6466;6%;0
146;Stephenson;Judah;26;7170;7%;10
147;Roberts;Gail;25;6453;1%;5
148;Ramirez;Hector;25;7548;6%;2
149;Peck;Odysseus;27;7880;3%;1
150;Miller;Lucas;30;7411;0%;7
151;Lawson;Adria;33;7166;9%;7
152;Davenport;Macey;35;6808;1%;2
153;Baker;Noble;34;7072;9%;8
154;Schneider;Declan;32;6613;6%;4
155;Lane;Britanni;37;7637;7%;6
156;Wallace;Griffin;40;7816;8%;3
157;Bradford;Kadeem;30;6961;10%;2
158;Randolph;Penelope;29;7015;2%;8
159;Zimmerman;Kasimir;33;7232;3%;8
160;Walls;Eaton;37;7795;3%;1
161;Mcfarland;Clayton;25;7563;3%;7
162;Floyd;Jerry;26;7047;2%;2
163;Higgins;Nomlanga;30;7422;5%;8
164;Gallegos;Mona;32;6730;10%;0
165;Ware;Georgia;36;7609;10%;9
166;Blankenship;Shelley;31;7548;0%;8
167;Combs;Mariko;33;6843;2%;10
168;Carey;Kylan;28;6301;2%;6
169;Sears;Conan;32;6501;2%;7
170;Carney;Macon;34;7240;0%;8
171;Kline;Keefe;26;7082;3%;7
172;Wyatt;Leonard;28;6519;5%;0
173;Ortiz;Tyler;34;7535;5%;5
174;Hunter;Shoshana;39;7124;2%;7
175;Woods;Declan;30;7991;8%;7
176;Melton;Hamish;26;6201;2%;1
177;Barrett;Nigel;33;6279;5%;10
178;Fletcher;Colton;36;7624;9%;10
179;Pope;Maryam;30;7593;4%;6
180;Booth;Nehru;29;7932;10%;9
181;Rich;Dorian;30;7494;10%;4
182;Mckinney;Giselle;40;6808;7%;0
183;Bass;Alexander;40;7050;9%;8
184;Mullen;Laith;37;6766;10%;7
185;Fuentes;Carter;33;7241;1%;9
186;Bolton;Hiroko;29;7890;7%;9
187;Cummings;Uriah;34;6994;3%;6
188;Osborn;Oren;27;7823;8%;6
189;Crosby;Jaden;38;7656;1%;10
190;Davidson;Whoopi;25;7634;8%;8
191;Franklin;Rashad;30;7110;5%;5
192;Merritt;Jared;36;7339;7%;1
193;Hewitt;Maya;40;7947;7%;4
194;Cochran;Jemima;35;6936;5%;0
195;Rocha;Carol;40;6436;0%;10
196;Figueroa;Eagan;35;6837;2%;2
197;Hodge;Stacy;32;6375;8%;0
198;Dotson;Abel;34;6685;2%;10
199;Doyle;Laurel;31;6608;7%;2
200;Aouchiche;Malik;26;7800;6,00%;3
201;test;test;30;7000;1;4;
202;dupont;pierre;30;7500;1;4;202;dupont;pierre;30;7500;1;4;202;dupont;pierre;30;7500;1;4;202;dupont;pierre;30;7500;1;4;202;dupont;pierre;30;7500;1;4;202;dupont;pierre;30;7500;1;4;202;dupont;pierre;30;7500;1;4;202;dupont;pierre;30;7500;1;4;202;dupont;pierre;30;7500;1;4;202;dupont;pierre;30;7500;1;4;202;dupont;pierre;30;7500;1;4;202;dupont;pierre;30;7500;1;4;202;dupont;pierre;30;7500;1;4;202;dupont;pierre;30;7500;1;4;202;dupont;pierre;30;7500;1;4;202;dupont;pierre;30;7500;1;4;202;dupont;pierre;30;7500;1;4;202;dupont;pierre;30;7500;1;4;202;dupont;pierre;30;7500;1;4;202;dupont;pierre;30;7500;1;4;202;dupont;pierre;30;7500;1;4;